language,max_source_length,n_examples,truncated_count,truncated_pct,fits_completely_pct,mean_tokens,median_tokens,p90_tokens,p95_tokens,max_tokens
english,512,2800,1548,55.29,44.71,697.43,563.0,1324.0,1554.0,7674
english,768,2800,952,34.0,66.0,697.43,563.0,1324.0,1554.0,7674
english,1024,2800,548,19.57,80.43,697.43,563.0,1324.0,1554.0,7674
hindi,512,2800,2120,75.71,24.29,1079.19,808.0,2107.0,2640.0,9763
hindi,768,2800,1474,52.64,47.36,1079.19,808.0,2107.0,2640.0,9763
hindi,1024,2800,1062,37.93,62.07,1079.19,808.0,2107.0,2640.0,9763
telugu,512,2800,2462,87.93,12.07,1433.71,1300.0,2553.0,3045.0,8434
telugu,768,2800,2142,76.5,23.5,1433.71,1300.0,2553.0,3045.0,8434
telugu,1024,2800,1759,62.82,37.18,1433.71,1300.0,2553.0,3045.0,8434
